--Drop Table
DROP TABLE user;
DROP TABLE playerCharacter;
DROP TABLE background;
DROP TABLE class;
DROP TABLE classWeapon;
DROP TABLE weapon;
DROP TABLE classSpell;
DROP TABLE spell;

--Create Table
CREATE TABLE user(
    u_key decimal(4,0) NOT NULL, --KEY--
    u_name varchar(25) NOT NULL
);

CREATE TABLE playerCharacter(
    pc_name varchar(20) NOT NULL, --KEY--
    pc_key decimal(4,0) NOT NULL, --Link to user TBL--
    pc_class decimal(2,0) NOT NULL,
    pc_level decimal(2,0) NOT NULL
);

CREATE TABLE background(
    bg_name varchar(20) NOT NULL,
    bg_race varchar(15) NOT NULL,
    bg_age decimal(4,0) NOT NULL,   
    bg_alignment char(20) NOT NULL
);

CREATE TABLE class(
    cl_id decimal(2,0) NOT NULL, --KEY--
    cl_name varchar(15) NOT NULL
);

CREATE TABLE classWeapon(
    clwpn_prof char(1) NOT NULL,
    clwpn_name varchar(25) NOT NULL, --KEY FROM JOIN--
    clwpn_id decimal(2,0) NOT NULL --KEY FROM JOIN--
);

CREATE TABLE weapon(
    wpn_name varchar(25) NOT NULL, --KEY--
    wpn_range decimal(3,0) NOT NULL,
    wpn_damage varchar(12) NOT NULL
);

CREATE TABLE classSpell(
    clsp_ability char(3) NOT NULL,
    clsp_id decimal(2,0) NOT NULL, --KEY FROM JOIN--
    clsp_name varchar(25) NOT NULL --KEY FROM JOIN--
);

CREATE TABLE spell(
    sp_name varchar(25) NOT NULL, --KEY--
    sp_slotLevel decimal(2,0) NOT NULL,
    sp_range decimal(3,0) NOT NULL,
    sp_castingtype varchar(25) NOT NULL,
    sp_effect varchar(25) NOT NULL,
    sp_die varchar(12) NOT NULL
);

--POPULATE TABLE--
INSERT INTO user(u_key, u_name) 
VALUES (0, 'Patrick'),
    (1, 'Jaeha'),
    (2, 'Loic'),
    (3, 'Adam'),
    (4, 'Ashley'),
    (5, 'Sam'),
    (6, 'Travis'),
    (7, 'Laura'),
    (8, 'Liam'),
    (9, 'Marisha'),
    (10, 'Taliesin');

INSERT INTO playerCharacter(pc_name, pc_key, pc_class, pc_level)
VALUES ('Libson', 0, 8, 4),
    ('Logan', 3, 3, 4),
    ('Ashkara', 1, 7, 4),
    ('Nazu', 1, 5, 3),
    ('Midir', 0, 9, 7),
    ('Jojo', 1, 7, 1),
    ('Pike', 4, 2, 20),
    ('Scanlan', 5, 1, 20),
    ('Grog', 6, 0, 20),
    ("Vex'ahlia", 7, 7, 20),
    ("Vax'ildan", 8, 8, 20),
    ('Keyleth', 9, 3, 20),
    ('Percy', 10, 4, 20);

INSERT INTO background(bg_name, bg_race, bg_age, bg_alignment)
VALUES ('Libson', 'HUMAN', 24, 'True Neutral'),
    ('Logan', 'HALF-ELF', 156, 'Neutral Good'),
    ('Ashkara', 'HALF-ORC', 45, 'Lawful Good'),
    ('Nazu', 'HALF-ORC', 60, 'Lawful Neutral'),
    ('Midir', 'DRAGONBORN', 15, 'Chaotic Neutral'),
    ('Jojo', 'HUMAN', 120, 'Chaotic Neutral'),
    ('Pike', 'GNOME', 35, 'Chaotic Good'),
    ('Scanlan', 'GNOME', 38, 'Neutral Good'),
    ('Grog', 'GOLIATH', 40, 'Chaotic Neutral'),
    ("Vex'ahlia", 'HALF-ELF', 28, 'Chaotic Good'),
    ("Vax'ildan", 'HALF-ELF', 28, 'Chaotic Good'),
    ('Keyleth', 'HALF-ELF', 21, 'Neutral Good'),
    ('Percy', 'HUMAN', 25, 'Neutral Good');
    
INSERT INTO class(cl_id, cl_name)
VALUES (0, 'barbarian'),
    (1, 'bard'),
    (2, 'cleric'),
    (3, 'druid'),
    (4, 'fighter'),
    (5, 'monk'),
    (6, 'paladin'),
    (7, 'ranger'),
    (8, 'rogue'),
    (9, 'sorcerer'),
    (10, 'warlock'),
    (11, 'wizard');

INSERT INTO classWeapon(clwpn_prof, clwpn_name, clwpn_id)
VALUES ('T', 'shortsword', 0),
    ('T', 'dagger', 0),
    ('T', 'quarterstaff', 0),
    ('T', 'sickle', 0),
    ('T', 'rapier', 0),
    ('T', 'longbow', 0),
    ('T', 'lance', 0),
    ('T', 'shortsword', 1),
    ('T', 'dagger', 1),
    ('T', 'quarterstaff', 1),
    ('T', 'sickle', 1),
    ('T', 'rapier', 1),
    ('F', 'longbow', 1),
    ('F', 'lance', 1),
    ('F', 'shortsword', 2),
    ('T', 'dagger', 2),
    ('T', 'quarterstaff', 2),
    ('T', 'sickle', 2),
    ('F', 'rapier', 2),
    ('F', 'longbow', 2),
    ('F', 'lance', 2),
    ('F', 'shortsword', 3),
    ('T', 'dagger', 3),
    ('T', 'quarterstaff', 3),
    ('T', 'sickle', 3),
    ('F', 'rapier', 3),
    ('F', 'longbow', 3),
    ('F', 'lance', 3),
    ('T', 'shortsword', 4),
    ('T', 'dagger', 4),
    ('T', 'quarterstaff', 4),
    ('T', 'sickle', 4),
    ('T', 'rapier', 4),
    ('T', 'longbow', 4),
    ('T', 'lance', 4),   
    ('T', 'shortsword', 5),
    ('T', 'dagger', 5),
    ('T', 'quarterstaff', 5),
    ('T', 'sickle', 5),
    ('F', 'rapier', 5),
    ('F', 'longbow', 5),
    ('F', 'lance', 5),
    ('T', 'shortsword', 6),
    ('T', 'dagger', 6),
    ('T', 'quarterstaff', 6),
    ('T', 'sickle', 6),
    ('T', 'rapier', 6),
    ('T', 'longbow', 6),
    ('T', 'lance', 6),
    ('T', 'shortsword', 7),
    ('T', 'dagger', 7),
    ('T', 'quarterstaff', 7),
    ('T', 'sickle', 7),
    ('T', 'rapier', 7),
    ('T', 'longbow', 7),
    ('T', 'lance', 7),
    ('T', 'shortsword', 8),
    ('T', 'dagger', 8),
    ('T', 'quarterstaff', 8),
    ('T', 'sickle', 8),
    ('T', 'rapier', 8),
    ('F', 'longbow', 8),
    ('F', 'lance', 8),
    ('F', 'shortsword', 9),
    ('T', 'dagger', 9),
    ('T', 'quarterstaff', 9),
    ('F', 'sickle', 9),
    ('F', 'rapier', 9),
    ('F', 'longbow', 9),
    ('F', 'lance', 9),
    ('F', 'shortsword', 10),
    ('T', 'dagger', 10),
    ('T', 'quarterstaff', 10),
    ('T', 'sickle', 10),
    ('F', 'rapier', 10),
    ('F', 'longbow', 10),
    ('F', 'lance', 10),
    ('F', 'shortsword', 11),
    ('T', 'dagger', 11),
    ('T', 'quarterstaff', 11),
    ('F', 'sickle', 11),
    ('F', 'rapier', 11),
    ('F', 'longbow', 11),
    ('F', 'lance', 11);


INSERT INTO weapon(wpn_name, wpn_range, wpn_damage)
VALUES ('shortsword', 5, '1d6'),
    ('dagger', 100, '1d4'),
    ('quarterstaff', 5, '1d6'),
    ('sickle', 5, '1d4'),
    ('rapier', 5, '1d8'),
    ('longbow', 150, '1d8'),
    ('mace', 5, '1d6');


--Bard spells
INSERT INTO classSpell(clsp_ability, clsp_id, clsp_name)
VALUES ('CHR', 1, 'animal friendship'),
    ('CHR', 1, 'bane'),
    ('CHR', 1, 'charm person'),
    ('CHR', 1, 'comprehend language'),
    ('CHR', 1, 'cure wounds'),
    ('CHR', 1, 'detect magic'),
    ('CHR', 1, 'disguise self'),
    ('CHR', 1, 'faerie fire'),
    ('CHR', 1, 'feather fall'),
    ('CHR', 1, 'healing word'),
    ('CHR', 1, 'heroism'),
    ('CHR', 1, 'hideous laughter'),
    ('CHR', 1, 'identify'),
    ('CHR', 1, 'illusory script'),
    ('CHR', 1, 'longstrider'),
    ('CHR', 1, 'silent image'),
    ('CHR', 1, 'sleep'),
    ('CHR', 1, 'speak with animals'),
    ('CHR', 1, 'thunderwave'),
    ('CHR', 1, 'unseen servant'),
    ('CHR', 1, 'animal messenger'),
    ('CHR', 1, 'blindness/deafness'),
    ('CHR', 1, 'calm emotions'),
    ('CHR', 1, 'detect thoughts'),
    ('CHR', 1, 'enhance ability'),
    ('CHR', 1, 'enthrall'),
    ('CHR', 1, 'heat metal'),
    ('CHR', 1, 'hold person'),
    ('CHR', 1, 'invisibility'),
    ('CHR', 1, 'knock'),
    ('CHR', 1, 'lesser restoration'),
    ('CHR', 1, 'locate animals or plants'),
    ('CHR', 1, 'locate object'),
    ('CHR', 1, 'magic mouth'),
    ('CHR', 1, 'see invisibility'),
    ('CHR', 1, 'shatter'),
    ('CHR', 1, 'silence'),
    ('CHR', 1, 'suggestion'),
    ('CHR', 1, 'zone of truth'),
    ('CHR', 1, 'dispel magic'),
    ('CHR', 1, 'tongues'),
    ('CHR', 1, 'hypnotic pattern'),
    ('CHR', 1, 'dimension door'),
    ('CHR', 1, 'nondetection'),
    ('CHR', 1, 'plant growth'),
    ('CHR', 1, 'speak with plants'),
    ('CHR', 1, 'confusion'),
    ('CHR', 1, 'polymorph'),
    ('CHR', 1, 'greater invisibility'),
    ('CHR', 1, 'locate creature'),
    ('CHR', 1, 'freedom of movement');

--Cleric spells
INSERT INTO classSpell(clsp_ability, clsp_id, clsp_name)
VALUES ('WIS', 2, 'bane'),
    ('WIS', 2, 'bless'),
    ('WIS', 2, 'command'),
    ('WIS', 2, 'create or destroy water'),
    ('WIS', 2, 'cure wounds'),
    ('WIS', 2, 'detect evil and good'),
    ('WIS', 2, 'detect magic'),
    ('WIS', 2, 'detect poison and disease'),
    ('WIS', 2, 'guiding bolt'),
    ('WIS', 2, 'healing word'),
    ('WIS', 2, 'inflict wounds'),
    ('WIS', 2, 'protection from evil and good'),
    ('WIS', 2, 'purify food and drink'),
    ('WIS', 2, 'sanctuary'),
    ('WIS', 2, 'shield of faith'),
    ('WIS', 2, 'aid'),
    ('WIS', 2, 'augury'),
    ('WIS', 2, 'blindness/deafness'),
    ('WIS', 2, 'calm emotions'),
    ('WIS', 2, 'continual flame'),
    ('WIS', 2, 'enhance ability'),
    ('WIS', 2, 'find traps'),
    ('WIS', 2, 'gentle repose'),
    ('WIS', 2, 'hold person'),
    ('WIS', 2, 'lesser restoration'),
    ('WIS', 2, 'locate object'),
    ('WIS', 2, 'prayer of healing'),
    ('WIS', 2, 'protection from poison'),
    ('WIS', 2, 'silence'),
    ('WIS', 2, 'spiritual weapon'),
    ('WIS', 2, 'warding bond'),
    ('WIS', 2, 'zone of truth'),
    ('WIS', 2, 'dispel magic'),
    ('WIS', 2, 'tongues'),
    ('WIS', 2, 'remove curse'),
    ('WIS', 2, 'banishment'),
    ('WIS', 2, 'daylight'),
    ('WIS', 2, 'mass healing word'),
    ('WIS', 2, 'revivify'),
    ('WIS', 2, 'death ward'),
    ('WIS', 2, 'divination'),
    ('WIS', 2, 'locate creature'),
    ('WIS', 2, 'freedom of movement');

--Druid spells
INSERT INTO classSpell(clsp_ability, clsp_id, clsp_name)
VALUES ('WIS', 3, 'animal friendship'),
    ('WIS', 3, 'charm person'),
    ('WIS', 3, 'create or destroy water'),
    ('WIS', 3, 'cure wounds'),
    ('WIS', 3, 'healing word'),
    ('WIS', 3, 'speak with animals'),
    ('WIS', 3, 'thunderwave'), 
    ('WIS', 3, 'detect magic'),
    ('WIS', 3, 'goodberry'),
    ('WIS', 3, 'longstrider'),
    ('WIS', 3, 'animal messenger'),
    ('WIS', 3,'barkskin'),
    ('WIS', 3,'flame blade'),
    ('WIS', 3, 'lesser restoration'),
    ('WIS', 3,'beast sense'),
    ('WIS', 3, 'jump'),
    ('WIS', 3, 'darkvision'),
    ('WIS', 3, 'pass without trace'),
    ('WIS', 3, 'spike growth'),
    ('WIS', 3, 'gust of wind'),
    ('WIS', 3, 'protection from poison'),
    ('WIS', 3, 'detect poison and disease'),
    ('WIS', 3, 'find traps'),
    ('WIS', 3, 'entangle'),
    ('WIS', 3, 'faerie fire'),
    ('WIS', 3, 'fog cloud'),
    ('WIS', 3, 'purify food and drink'),
    ('WIS', 3, 'enhance ability'),
    ('WIS', 3, 'find traps'),
    ('WIS', 3, 'flaming sphere'),
    ('WIS', 3, 'gust of wind'),
    ('WIS', 3, 'heat metal'),
    ('WIS', 3, 'hold person'),
    ('WIS', 3, 'locate animals or plants'),
    ('WIS', 3, 'locate object'),
    ('WIS', 3, 'moonbeam'),
    ('WIS', 3, 'dispel magic'),
    ('WIS', 3, 'plant growth'),
    ('WIS', 3, 'speak with plants'),
    ('WIS', 3, 'confusion'),
    ('WIS', 3, 'polymorph'),
    ('WIS', 3, 'daylight'),
    ('WIS', 3, 'locate creature'),
    ('WIS', 3, 'blight'),
    ('WIS', 3, 'freedom of movement');

--Paladin Spells
INSERT INTO classSpell(clsp_ability, clsp_id, clsp_name)
VALUES ('CHR', 6, 'cure wounds'),
    ('CHR', 6, 'detect magic'),
    ('CHR', 6, 'detect poison and disease'),
    ('CHR', 6, 'lesser restoration'),
    ('CHR', 6, 'protection from poison'),
    ('CHR', 6, 'aid'),
    ('CHR', 6, 'command'),
    ('CHR', 6, 'heroism'),
    ('CHR', 6, 'find steed'),
    ('CHR', 6, 'bless'),
    ('CHR', 6, 'detect evil and good'),
    ('CHR', 6, 'divine favor'),
    ('CHR', 6, 'protection from evil and good'),
    ('CHR', 6, 'purify food and drink'),
    ('CHR', 6, 'shield of faith'),
    ('CHR', 6, 'branding smite'),
    ('CHR', 6, 'locate object'),
    ('CHR', 6, 'magic weapon'),
    ('CHR', 6, 'zone of truth'),
    ('CHR', 6, 'dispel magic'),
    ('CHR', 6, 'remove curse'),
    ('CHR', 6, 'banishment'),
    ('CHR', 6, 'daylight'),
    ('CHR', 6, 'revivify'),
    ('CHR', 6, 'death ward'),
    ('CHR', 6, 'locate creature');

--Ranger Spells
INSERT INTO classSpell(clsp_ability, clsp_id, clsp_name)
VALUES ('WIS', 7, 'animal friendship'),
    ('WIS', 7, 'barkskin'),
    ('WIS', 7, 'cure wounds'),
    ('WIS', 7, 'detect magic'),
    ('WIS', 7, 'goodberry'),
    ('WIS', 7, 'longstrider'),
    ('WIS', 7, 'speak with animals'),
    ('WIS', 7, 'animal messenger'),
    ('WIS', 7, 'beast sense'),
    ('WIS', 7, 'lesser restoration'),
    ('WIS', 7, "hunter's mark"),
    ('WIS', 7, 'pass without trace'),
    ('WIS', 7, 'spike growth'),
    ('WIS', 7, 'fog cloud'),
    ('WIS', 7, 'protection from poison'),
    ('WIS', 7, 'darkvision'),
    ('WIS', 7, 'silence'),
    ('WIS', 7, 'detect poison and disease'),
    ('WIS', 7, 'find traps'),
    ('WIS', 7, 'alarm'),
    ('WIS', 7, 'jump'),
    ('WIS', 7, 'find traps'),
    ('WIS', 7, 'locate animals or plants'),
    ('WIS', 7, 'locate object'),
    ('WIS', 7, 'nondetection'),
    ('WIS', 7, 'plant growth'),
    ('WIS', 7, 'speak with plants'),
    ('WIS', 7, 'daylight'),
    ('WIS', 7, 'locate creature'),
    ('WIS', 7, 'freedom of movement');

--Sorcerer Spells
INSERT INTO classSpell(clsp_ability, clsp_id, clsp_name)
VALUES ('CHR', 9, 'charm person'),
    ('CHR', 9, 'detect magic'),
    ('CHR', 9, 'fog cloud'),
    ('CHR', 9, 'thunderwave'),
    ('CHR', 9, 'expeditious retreat'),
    ('CHR', 9, 'false life'),
    ('CHR', 9, 'magic missile'),
    ('CHR', 9, 'witch bolt'),
    ('CHR', 9, 'jump'),
    ('CHR', 9, 'darkvision'),
    ('CHR', 9, 'scorching ray'),
    ('CHR', 9, 'spider climb'),
    ('CHR', 9, 'misty step'),
    ('CHR', 9, 'gust of wind'),
    ('CHR', 9, 'levitate'),
    ('CHR', 9, 'see invisibility'),
    ('CHR', 9, 'shatter'),
    ('CHR', 9, 'suggestion'),
    ('CHR', 9, 'burning hands'),
    ('CHR', 9, 'mage armor'),
    ('CHR', 9, 'comprehend language'),
    ('CHR', 9, 'disguise self'),
    ('CHR', 9, 'feather fall'),
    ('CHR', 9, 'magic missile'),
    ('CHR', 9, 'shield'),
    ('CHR', 9, 'silent image'),
    ('CHR', 9, 'sleep'),
    ('CHR', 9, 'alter self'),
    ('CHR', 9, 'blindness/deafness'),
    ('CHR', 9, 'blur'),
    ('CHR', 9, 'darkness'),
    ('CHR', 9, 'detect thoughts'),
    ('CHR', 9, 'enhance ability'),
    ('CHR', 9, 'enlarge/reduce'),
    ('CHR', 9, 'gust of wind'),
    ('CHR', 9, 'hold person'),
    ('CHR', 9, 'invisibility'),
    ('CHR', 9, 'knock'),
    ('CHR', 9, 'mirror image'),
    ('CHR', 9, 'web'),
    ('CHR', 9, 'counterspell'),
    ('CHR', 9, 'dispel magic'),
    ('CHR', 9, 'tongues'),
    ('CHR', 9, 'hypnotic pattern'),
    ('CHR', 9, 'banishment'),
    ('CHR', 9, 'dimension door'),
    ('CHR', 9, 'confusion'),
    ('CHR', 9, 'polymorph'),
    ('CHR', 9, 'greater invisibility'),
    ('CHR', 9, 'daylight'),
    ('CHR', 9, 'blight');

--Warlock Spells
INSERT INTO classSpell(clsp_ability, clsp_id, clsp_name)
VALUES ('CHR', 10, 'charm person'),
    ('CHR', 10, 'comprehend language'),
    ('CHR', 10, 'expeditious retreat'),
    ('CHR', 10, 'hellish rebuke'),
    ('CHR', 10, 'illusory script'),
    ('CHR', 10, 'protection from evil and good'),
    ('CHR', 10, 'unseen servant'),
    ('CHR', 10, 'darkness'),
    ('CHR', 10, 'enthrall'),
    ('CHR', 10, 'hold person'),
    ('CHR', 10, 'invisibility'),
    ('CHR', 10, 'mirror image'),
    ('CHR', 10, 'misty step'),
    ('CHR', 10, 'ray of enfeeblement'),
    ('CHR', 10, 'shatter'),
    ('CHR', 10, 'spider climb'),
    ('CHR', 10, 'suggestion'),
    ('CHR', 10, 'counterspell'),
    ('CHR', 10, 'dispel magic'),
    ('CHR', 10, 'tongues'),
    ('CHR', 10, 'remove curse'),
    ('CHR', 10, 'hypnotic pattern'),
    ('CHR', 10, 'banishment'),
    ('CHR', 10, 'dimension door'),
    ('CHR', 10, 'blight');


--Wizard Spells
INSERT INTO classSpell(clsp_ability, clsp_id, clsp_name)
VALUES ('INT', 11, 'burning hands'),
    ('INT', 11, 'charm person'),
    ('INT', 11, 'detect magic'),
    ('INT', 11, 'detect thoughts'),
    ('INT', 11, 'expeditious retreat'),
    ('INT', 11, 'false life'),
    ('INT', 11, 'fog cloud'),
    ('INT', 11, 'jump'),
    ('INT', 11, 'longstrider'),
    ('INT', 11, 'mage armor'),
    ('INT', 11, 'magic missile'),
    ('INT', 11, 'thunderwave'),
    ('INT', 11, 'witch bolt'),
    ('INT', 11, 'darkvision'),
    ('INT', 11, 'gust of wind'),
    ('INT', 11, 'levitate'),
    ('INT', 11, 'scorching ray'),
    ('INT', 11, 'see invisibility'),
    ('INT', 11, 'shatter'),
    ('INT', 11, 'spider climb'),
    ('INT', 11, 'rope trick'),
    ('INT', 11, 'magic mouth'),
    ('INT', 11, 'alarm'),
    ('INT', 11, 'comprehend language'),
    ('INT', 11, 'disguise self'),
    ('INT', 11, 'feather fall'),
    ('INT', 11, 'find familiar'),
    ('INT', 11, 'floating disk'),
    ('INT', 11, 'grease'),
    ('INT', 11, 'hideous laughter'),
    ('INT', 11, 'identify'),
    ('INT', 11, 'illusory script'),
    ('INT', 11, 'magic missile'),
    ('INT', 11, 'protection from evil and good'),
    ('INT', 11, 'shield'),
    ('INT', 11, 'silent image'),
    ('INT', 11, 'sleep'),
    ('INT', 11, 'unseen servant'),
    ('INT', 11, 'acid arrow'),
    ('INT', 11, 'alter self'),
    ('INT', 11, 'arcane lock'),
    ('INT', 11, "arcanist's magic aura"),
    ('INT', 11, 'blindness/deafness'),
    ('INT', 11, 'blur'),
    ('INT', 11, 'continual flame'),
    ('INT', 11, 'darkness'),
    ('INT', 11, 'enlarge/reduce'),
    ('INT', 11, 'flaming sphere'),
    ('INT', 11, 'gentle repose'),
    ('INT', 11, 'gust of wind'),
    ('INT', 11, 'hold person'),
    ('INT', 11, 'invisibility'),
    ('INT', 11, 'knock'),
    ('INT', 11, 'locate object'),
    ('INT', 11, 'magic mouth'),
    ('INT', 11, 'magic weapon'),
    ('INT', 11, 'mirror image'),
    ('INT', 11, 'misty step'),
    ('INT', 11, 'ray of enfeeblement'),
    ('INT', 11, 'suggestion'),
    ('INT', 11, 'web'),
    ('INT', 11, 'counterspell'),
    ('INT', 11, 'dispel magic'),
    ('INT', 11, 'tongues'),
    ('INT', 11, 'remove curse'),
    ('INT', 11, 'hypnotic pattern'),
    ('INT', 11, 'banishment'),
    ('INT', 11, 'dimension door'),
    ('INT', 11, 'nondetection'),
    ('INT', 11, 'confusion'),
    ('INT', 11, 'polymorph'),
    ('INT', 11, 'greater invisibility'),
    ('INT', 11, 'locate creature'),
    ('INT', 11, 'blight');

INSERT INTO spell(sp_name, sp_slotlevel, sp_range, sp_castingtype, sp_effect, sp_die)
VALUES ('animal friendship', 1, 30, 'action', 'charm', 'N/A'),
    ('charm person', 1, 30, 'action', 'charm', 'N/A'),
    ('create or destroy water', 1, 30, 'action', 'creation','N/A'),
    ('cure wounds', 1, 5, 'action', 'healing', '1d8'),
    ('healing word', 1, 60, 'bonus', 'healing', '1d4'),
    ('speak with animals', 1, 0, 'action', 'communication', 'N/A'), 
    ('thunderwave', 1, 15, 'action', 'damage', '2d8'),
    ('detect magic', 1, 30, 'action', 'detection', 'N/A'),
    ('goodberry', 1, 5, 'action', 'healing', 'N/A'),
    ('longstrider', 1, 5, 'action', 'buff', 'N/A'),
    ('animal messenger', 2, 30, 'action', 'communication', 'N/A'),
    ('barkskin', 2, 5, 'action', 'buff', 'N/A'),
    ('flame blade', 2, 0, 'bonus','damage', '3d6'),
    ('lesser restoration', 2, 0, 'action', 'healing', 'N/A'),
    ('beast sense', 2, 5, 'action', 'detection', 'N/A'),
    ("hunter's mark", 1, 90, 'bonus', 'damage', '1d6'),
    ('pass without trace', 2, 0, 'action', 'buff', 'N/A'),
    ('silence', 2, 120, 'action', 'control', 'N/A'),
    ('spike growth', 2, 150, 'action', 'control', '2d4'),
    ('fog cloud', 1, 120, 'action', 'control', 'N/A'),
    ('expeditious retreat', 1, 0, 'bonus', 'movement', 'N/A'),
    ('false life', 1, 0, 'action', 'healing', '1d4'),
    ('magic missile', 1, 120, 'action', 'damage', '1d4'),
    ('witch bolt', 1, 30, 'action', 'damage', '1d12'),
    ('jump', 1, 5, 'action', 'movement', 'N/A'),
    ('mage armor', 1, 5, 'action', 'buff', 'N/A'),
    ('scorching ray', 2, 120, 'action', 'damage', '2d6'),
    ('spider climb', 2, 5, 'action', 'buff', 'N/A'),
    ('misty step', 2, 5, 'bonus', 'movement', 'N/A'),
    ('gust of wind', 2, 0, 'action', 'control', 'N/A'),
    ('protection from poison', 2, 5, 'action', 'buff', 'N/A'),
    ('levitate', 2, 60, 'action', 'movement', 'N/A'),
    ('darkvision', 2, 5, 'action', 'buff', 'N/A'),
    ('see invisibility', 2, 0, 'action', 'detection', 'N/A'),
    ('shatter', 2, 60, 'action', 'damage', '3d8'),
    ('detect poison and disease', 1, 0, 'action', 'detection', 'N/A'),
    ('find traps', 2, 120, 'action', 'detection', 'N/A'),
    ('suggestion', 2, 30, 'action', 'control', 'N/A'),
    ('burning hands', 1, 0, 'action', 'damage', '3d6'),
    ('rope trick', 2, 5, 'action', 'utility', 'N/A'),
    ('magic mouth', 2, 30, 'action', 'communication', 'N/A'),
    ('aid', 2, 30, 'action', 'buff', 'N/A'),
    ('command', 1, 60, 'action', 'control', 'N/A'),
    ('heroism', 1, 5, 'action', 'buff', 'N/A'),
    ('find steed', 2, 30, 'action', 'summon', 'N/A'),
    ('bane', 1, 30, 'action', 'debuff', '1d4'),
    ('comprehend language', 1, 0, 'action', 'communication', 'N/A'),
    ('alarm', 1, 30, 'action', 'detection', 'N/A'),
    ('bless', 1, 30, 'action', 'buff', '1d4'),
    ('color spray', 1, 0, 'action', 'blind', '6d10'),
    ('detect evil and good', 1, 0, 'action', 'detection', 'N/A'),
    ('disguise self', 1, 0, 'action', 'shapeshift', 'N/A'),
    ('divine favor', 1, 0, 'bonus', 'damage', '1d4'),
    ('entangle', 1, 90, 'action', 'control', 'N/A'),
    ('faerie fire', 1, 60, 'action', 'debuff', 'N/A'),
    ('feather fall', 1, 60, 'reaction', 'movement', 'N/A'),
    ('find familiar', 1, 10, 'action', 'summon', 'N/A'),
    ('floating disk', 1, 30, 'action', 'creation', 'N/A'),
    ('grease', 1, 60, 'action', 'control', 'N/A'),
    ('guiding bolt', 1, 120, 'action', 'damage', '4d6'),
    ('hellish rebuke', 1, 60, 'reaction', 'damage', '2d10'),
    ('hideous laughter', 1, 30, 'action', 'control', 'N/A'),
    ('identify', 1, 5, 'action', 'detection', 'N/A'),
    ('illusory script', 1, 5, 'action', 'communication', 'N/A'),
    ('inflict wounds', 1, 5, 'action', 'damage', '3d10'),
    ('magic missile', 1, 120, 'action', 'damage', '1d4'),
    ('protection from evil and good', 1, 5, 'action', 'buff', 'N/A'),
    ('purify food and drink', 1, 10, 'action', 'utility', 'N/A'),
    ('sanctuary', 1, 30, 'bonus', 'buff', 'N/A'),
    ('shield', 1, 5, 'reaction', 'warding', 'N/A'),
    ('shield of faith', 1, 60, 'bonus', 'buff', 'N/A'),
    ('silent image', 1, 60, 'action', 'control', 'N/A'),
    ('sleep', 1, 90, 'action', 'control', 'N/A'),
    ('unseen servant', 1, 60, 'action', 'control', 'N/A'),
    ('acid arrow', 2, 90, 'action', 'damage', '6d4'),
    ('alter self', 2, 0, 'action', 'shapeshift', 'N/A'),
    ('arcane lock', 2, 5, 'action', 'utility', 'N/A'),
    ("arcanist's magic aura", 2, 5, 'action', 'deception', 'N/A'),
    ('augury', 2, 5, 'action', 'foreknowledge', 'N/A'),
    ('blindness/deafness', 2, 30, 'action', 'blind', 'N/A'),
    ('blur', 2, 0, 'action', 'deception', 'N/A'),
    ('branding smite', 2, 0, 'bonus', 'damage', '2d6'),
    ('calm emotions', 2, 60, 'action', 'charm', 'N/A'),
    ('darkness', 2, 60, 'action', 'control', 'N/A'),
    ('detect thoughts', 2, 0, 'action', 'detection', 'N/A'),
    ('enhance ability', 2, 5, 'action', 'buff', 'N/A'),
    ('enlarge/reduce', 2, 30, 'action', 'buff', 'N/A'),
    ('enthrall', 2, 60, 'action', 'control', 'N/A'),
    ('find traps', 2, 120, 'action', 'detection', 'N/A'),
    ('flaming sphere', 2, 60, 'action', 'damage', '2d6'),
    ('gentle repose', 2, 5, 'action', 'warding', 'N/A'),
    ('gust of wind', 2, 0, 'action', 'control', 'N/A'),
    ('heat metal', 2, 60, 'action', 'damage', '2d8'),
    ('hold person', 2, 60, 'action', 'control', 'N/A'),
    ('invisibility', 2, 5, 'action', 'utility', 'N/A'),
    ('knock', 2, 60, 'action', 'utility', 'N/A'),
    ('locate animals or plants', 2, 0, 'action', 'detection', 'N/A'),
    ('locate object', 2, 0, 'action', 'detection', 'N/A'),
    ('magic mouth', 2, 30, 'action', 'communication', 'N/A'),
    ('magic weapon', 2, 5, 'bonus', 'damage', 'N/A'),
    ('mirror image', 2, 0, 'action', 'deception', 'N/A'),
    ('moonbeam', 2, 120, 'action', 'damage', '2d10'),
    ('prayer of healing', 2, 30, 'action', 'healing', '2d8'),
    ('ray of enfeeblement', 2, 60, 'action', 'debuff', 'N/A'),
    ('spiritual weapon', 2, 60, 'bonus', 'damage', '1d8'),
    ('warding bond', 2, 5, 'action', 'buff', 'N/A'),
    ('web', 2, 60, 'action', 'control', 'N/A'),
    ('zone of truth', 2, 60, 'action', 'control', 'N/A'),
    ('counterspell', 3, 60, 'reaction', 'negation', 'N/A'),
    ('dispel magic', 3, 120, 'action', 'control', 'N/A'),
    ('tongues', 3, 5, 'action', 'communication', 'N/A'),
    ('remove curse', 3, 5, 'action', 'buff', 'N/A'),
    ('hypnotic pattern', 3 , 120, 'action', 'charm', 'N/A'),
    ('banishment', 4, 60, 'action', 'control', 'N/A'),
    ('dimension door', 4, 500, 'action', 'movement', 'N/A'),
    ('nondetection', 3, 5, 'action', 'deception', 'N/A'),
    ('plant growth', 3, 150, 'action', 'control', 'N/A'),
    ('speak with plants', 3, 0, 'action', 'communication', 'N/A'),
    ('confusion', 3, 90, 'action', 'control', '1d10'),
    ('polymorph', 4, 60, 'action', 'control', 'N/A'),
    ('greater invisibility', 4, 5, 'action', 'utility', 'N/A'),
    ('daylight', 3, 60, 'action', 'control', 'N/A'),
    ('mass healing word', 3, 60, 'bonus', 'healing', '1d4'),
    ('revivify', 3, 5, 'action', 'healing', 'N/A'),
    ('death ward', 4, 5, 'action', 'buff', 'N/A'),
    ('divination', 4, 0, 'action', 'foreknowledge', 'N/A'),
    ('locate creature', 4, 0, 'action', 'detection', 'N/A'),
    ('blight', 4, 30, 'action', 'damage', '8d8'),
    ('freedom of movement', 4, 5, 'action', 'buff', 'N/A');

